{
	"writers": [
		{
			"id": "xcvbn",
			"name": "xcvbn",
			"born": "cvbnm",
			"deceased": "sdfghjk",
			"description": "oiuytr",
			"image": "cvbnm"
		},
		{
			"id": "",
			"name": "",
			"born": "",
			"deceased": "",
			"description": "",
			"image": ""
		},
		{
			"id": "",
			"name": "",
			"born": "",
			"deceased": "",
			"description": "",
			"image": ""
		},
		{
			"id": "",
			"name": "",
			"born": "",
			"deceased": "",
			"description": "",
			"image": ""
		},
		{
			"id": "",
			"name": "",
			"born": "",
			"deceased": "",
			"description": "",
			"image": ""
		}
	]
}
