{
  "openapi": "3.0.0",
  "info": {
    "title": "OIG Sell Mobiles",
    "description": "Application to sell and buy used mobile phones.",
    "termsOfService": "http://swagger.io/terms/",
    "contact": {
      "email": "oigsellmobiles@gmail.com"
    },
    "license": {
      "name": "Apache 2.0",
      "url": "http://www.apache.org/licenses/LICENSE-2.0.html"
    },
    "version": "1.0.0"
  },
  "externalDocs": {
    "description": "Find out more about Swagger",
    "url": "http://swagger.io"
  },
  "tags": [
    {
      "name": "Mobiles",
      "description": "Everything about your Mobiles"
    },
    {
      "name": "Devices",
      "description": "Access to Devices"
    },
    {
      "name": "Users",
      "description": "Access to User details"
    },
    {
      "name": "Images",
      "description": "Access to all Images"
    },
    {
      "name": "Seller",
      "description": "Everything about Seller"
    },
    {
      "name": "Cart",
      "description": "Users Cart"
    },
    {
      "name": "Wishlist",
      "description": "Users Wishlist"
    },
    {
      "name": "Admin",
      "description": "Access to Admin"
    }
  ],
  "paths": {
    "/api/cart": {
      "get": {
        "tags": [
          "Cart"
        ],
        "summary": "Get all Mobile phones from cart",
        "description": "view all mobiles in cart",
        "responses": {
          "200": {
            "description": "successful get"
          },
          "404": {
            "description": "Invalid",
            "content": {}
          }
        },
        "security": [
          {
            "Bearer": []
          }
        ]
      },
      "post": {
        "tags": [
          "Cart"
        ],
        "summary": "add mobile to cart of particular user",
        "operationId": "addToCart",
        "requestBody": {
          "description": "add mobile to cart",
          "content": {
            "application/json": {
              "schema": {
                "$ref": "#/components/schemas/Cart"
              }
            }
          },
          "required": true
        },
        "responses": {
          "405": {
            "description": "Invalid input",
            "content": {}
          }
        },
        "security": [
          {
            "Bearer": []
          }
        ]
      },
      "put": {
        "tags": [
          "Cart"
        ],
        "summary": "remove mobile from cart of particular user",
        "operationId": "removeFromCart",
        "requestBody": {
          "description": "remove mobile from cart",
          "content": {
            "application/json": {
              "schema": {
                "$ref": "#/components/schemas/Cart"
              }
            }
          },
          "required": true
        },
        "responses": {
          "405": {
            "description": "Invalid input",
            "content": {}
          }
        },
        "security": [
          {
            "Bearer": []
          }
        ]
      }
    },
    "/api/wishlist": {
      "get": {
        "tags": [
          "Wishlist"
        ],
        "summary": "Get all Mobile phones from wishlist",
        "description": "view all mobiles in wishlist",
        "responses": {
          "200": {
            "description": "successful get"
          },
          "404": {
            "description": "Invalid",
            "content": {}
          }
        },
        "security": [
          {
            "Bearer": []
          }
        ]
      },
      "post": {
        "tags": [
          "Wishlist"
        ],
        "summary": "add mobile to Wishlist of particular user",
        "operationId": "addToWishlist",
        "requestBody": {
          "description": "add mobile to Wishlist",
          "content": {
            "application/json": {
              "schema": {
                "$ref": "#/components/schemas/Wishlist"
              }
            }
          },
          "required": true
        },
        "responses": {
          "405": {
            "description": "Invalid input",
            "content": {}
          }
        },
        "security": [
          {
            "Bearer": []
          }
        ]
      },
      "put": {
        "tags": [
          "Wishlist"
        ],
        "summary": "remove mobile from Wishlist of particular user",
        "operationId": "removeFromWishlist",
        "requestBody": {
          "description": "remove mobile from Wishlist",
          "content": {
            "application/json": {
              "schema": {
                "$ref": "#/components/schemas/Wishlist"
              }
            }
          },
          "required": true
        },
        "responses": {
          "405": {
            "description": "Invalid input",
            "content": {}
          }
        },
        "security": [
          {
            "Bearer": []
          }
        ]
      }
    },
    "/api/seller/mobiles": {
      "post": {
        "tags": [
          "Seller"
        ],
        "summary": "sell mobile",
        "operationId": "sellMobile",
        "requestBody": {
          "description": "mobile that needs to be sold",
          "content": {
            "application/json": {
              "schema": {
                "$ref": "#/components/schemas/NewMobile"
              }
            }
          },
          "required": true
        },
        "responses": {
          "405": {
            "description": "Invalid input",
            "content": {}
          }
        },
        "security": [
          {
            "Bearer": []
          }
        ]
      }
    },
    "/api/admin/reject": {
      "post": {
        "tags": [
          "Admin"
        ],
        "summary": "reject a mobile",
        "operationId": "mobileReject",
        "requestBody": {
          "description": "mobile that needs to be rejected",
          "content": {
            "application/json": {
              "schema": {
                "$ref": "#/components/schemas/Reject"
              }
            }
          },
          "required": true
        },
        "responses": {
          "405": {
            "description": "Invalid input",
            "content": {}
          }
        },
        "security": [
          {
            "Bearer": []
          }
        ]
      }
    },
    "/api/devices/brands": {
      "get": {
        "tags": [
          "Devices"
        ],
        "summary": "Returns all brands of mobiles",
        "operationId": "getBrands",
        "responses": {
          "200": {
            "description": "successful operation"
          }
        }
      }
    },
    "/api/devices/searchTerm": {
      "get": {
        "tags": [
          "Devices"
        ],
        "summary": "Returns all brand with model",
        "operationId": "getBrandsAndModel",
        "responses": {
          "200": {
            "description": "successful operation"
          }
        }
      }
    },
    "/api/devices/{brand}": {
      "get": {
        "tags": [
          "Devices"
        ],
        "summary": "Get Mobile by particular brand",
        "description": "view particular brand mobile",
        "parameters": [
          {
            "name": "brand",
            "in": "path",
            "description": "The mobile that needs to be fetched using brand. ",
            "required": true,
            "schema": {
              "type": "string"
            }
          }
        ],
        "responses": {
          "200": {
            "description": "successful operation"
          },
          "400": {
            "description": "Invalid"
          },
          "404": {
            "description": "Mobile not found"
          }
        }
      }
    },
    "/api/devices/{brand}/{model}": {
      "get": {
        "tags": [
          "Devices"
        ],
        "summary": "Get Mobile by particular brand and model",
        "description": "view particular brand and model mobile",
        "parameters": [
          {
            "name": "brand",
            "in": "path",
            "description": "The mobile that needs to be fetched using brand. ",
            "required": true,
            "schema": {
              "type": "string"
            }
          },
          {
            "name": "model",
            "in": "path",
            "description": "The mobile that needs to be fetched using model. ",
            "required": true,
            "schema": {
              "type": "string"
            }
          }
        ],
        "responses": {
          "200": {
            "description": "successful operation"
          },
          "400": {
            "description": "Invalid"
          },
          "404": {
            "description": "Mobiles not found"
          }
        }
      }
    },
    "/api/mobile": {
      "get": {
        "tags": [
          "Mobiles"
        ],
        "summary": "Get all Mobile phones",
        "description": "view all mobiles for buyer",
        "responses": {
          "200": {
            "description": "successful get"
          },
          "404": {
            "description": "Invalid",
            "content": {}
          }
        }
      }
    },
    "/api/mobile/{id}": {
      "get": {
        "tags": [
          "Mobiles"
        ],
        "consumes": [
          "application/json"
        ],
        "produces": [
          "application/json"
        ],
        "summary": "Get Mobile by id",
        "description": "view particular mobile",
        "parameters": [
          {
            "in": "path",
            "name": "id",
            "required": true,
            "schema": {
              "type": "string"
            }
          }
        ],
        "responses": {
          "200": {
            "description": "successful operation"
          },
          "400": {
            "description": "Invalid"
          },
          "404": {
            "description": "Mobile not found"
          }
        }
      }
    },
    "/api/mobile/bought": {
      "put": {
        "tags": [
          "Mobiles"
        ],
        "summary": "Buy Mobile",
        "description": "This can only be done by the logged in user.",
        "operationId": "BoughtCondition",
        "requestBody": {
          "description": "Updated mobile object",
          "content": {
            "application/json": {
              "schema": {
                "$ref": "#/components/schemas/Mobile"
              }
            }
          },
          "required": true
        },
        "responses": {
          "400": {
            "description": "Invalid user"
          },
          "404": {
            "description": "User not found"
          }
        },
        "security": [
          {
            "Bearer": []
          }
        ]
      }
    },
    "/api/seller/delete": {
      "put": {
        "tags": [
          "Seller"
        ],
        "summary": "delete Mobile data",
        "description": "This can only be done by the logged in user.",
        "operationId": "BoughtCondition",
        "requestBody": {
          "description": "Updated mobile object",
          "content": {
            "application/json": {
              "schema": {
                "$ref": "#/components/schemas/Delete"
              }
            }
          },
          "required": true
        },
        "responses": {
          "400": {
            "description": "Invalid user"
          },
          "404": {
            "description": "User not found"
          }
        },
        "security": [
          {
            "Bearer": []
          }
        ]
      }
    },
    "/api/users/{sellerId}": {
      "get": {
        "tags": [
          "Users"
        ],
        "consumes": [
          "application/json"
        ],
        "produces": [
          "application/json"
        ],
        "summary": "Get Seller by id",
        "description": "view particular Seller",
        "parameters": [
          {
            "name": "SellerId",
            "in": "path",
            "description": "The seller details that needs to be fetched using id. ",
            "required": true,
            "schema": {
              "type": "string"
            }
          }
        ],
        "responses": {
          "200": {
            "description": "successful operation"
          },
          "400": {
            "description": "Invalid"
          },
          "404": {
            "description": "Seller not found"
          }
        }
      }
    },
    "/api/images/{mobileId}": {
      "get": {
        "tags": [
          "Images"
        ],
        "summary": "Get image by mobileId",
        "description": "view particular mobile image",
        "parameters": [
          {
            "name": "mobileId",
            "in": "path",
            "description": "The image that needs to be fetched using mobileId. ",
            "required": true,
            "schema": {
              "type": "string"
            }
          }
        ],
        "responses": {
          "200": {
            "description": "successful operation",
            "content": {}
          },
          "400": {
            "description": "Invalid",
            "content": {}
          },
          "404": {
            "description": "Image not found",
            "content": {}
          }
        }
      }
    },
    "/api/seller/{sellerId}": {
      "get": {
        "tags": [
          "Seller"
        ],
        "summary": "Get Seller by id",
        "description": "view particular Seller details",
        "parameters": [
          {
            "name": "sellerId",
            "in": "path",
            "description": "The data that needs to be fetched using id. ",
            "required": true,
            "schema": {
              "type": "string"
            }
          }
        ],
        "responses": {
          "200": {
            "description": "successful operation"
          },
          "400": {
            "description": "Invalid"
          },
          "404": {
            "description": "Mobile not found"
          }
        }
      }
    }
  },
  "components": {
    "securitySchemes": {
      "Bearer": {
        "type": "http",
        "scheme": "bearer",
        "bearerFormat": "JWT",
        "in": "header"
      }
    },
    "schemas": {
      "NewMobile": {
        "type": "object",
        "properties": {
        "Payload": {
          "type": "object",
          "properties": {
            "mobileData": {
              "type": "object",
              "properties": {
                "brandname": {
                  "type": "string"
                },
                "model": {
                  "type": "string"
                },
                "price": {
                  "type": "integer",
                  "format": "int32"
                },
                "camera": {
                  "type": "string"
                },
                "charging": {
                  "type": "string"
                },
                "switching": {
                  "type": "string"
                },
                "condition": {
                  "type": "string"
                },
                "location": {
                  "$ref": "#/components/schemas/Cities"
                },
                "sellerId": {
                  "type": "string"
                },
                "sellerName": {
                  "type": "string"
                },
                "buyerId": {
                  "type": "string"
                },
                "buyerName": {
                  "type": "string"
                },
                "DoO": {
                  "type": "string"
                },
                "transId": {
                  "type": "string"
                },
                "isDeleted": {
                  "type": "boolean",
                  "default": false
                },
                "isBought": {
                  "type": "boolean",
                  "default": false
                },
                "isRejected": {
                  "type": "boolean",
                  "default": false
                }
              }
            }
          }
        }
        }
      },
      "User": {
        "type": "object",
        "properties": {
          "googleId": {
            "type": "string"
          },
          "type": {
            "type": "string"
          },
          "photo": {
            "type": "string"
          },
          "name": {
            "type": "string"
          },
          "email": {
            "type": "string"
          }
        }
      },
      "Cities": {
        "type": "object",
        "properties": {
          "city": {
            "type": "string"
          },
          "lat": {
            "type": "string"
          },
          "lng": {
            "type": "string"
          }
        }
      },
      "Mobile": {
        "type": "object",
        "properties": {
          "id": {
            "type": "string"
          },
          "buyerId": {
            "type": "string"
          },
          "buyerName": {
            "type": "string"
          },
          "isBought": {
            "type": "boolean"
          },
          "DoO": {
            "type": "string"
          },
          "transId": {
            "type": "string"
          }
        }
      },
      "Cart": {
        "type": "object",
        "properties": {
          "_id": {
            "type": "string"
          },
          "mobile_id": {
            "type": "string"
          }
        }
      },
      "Wishlist": {
        "type": "object",
        "properties": {
          "mobileId": {
            "type": "string"
          }
        }
      },
      "Image": {
        "type": "object",
        "properties": {
          "url": {
            "type": "string"
          }
        }
      },
      "Reject": {
        "type": "object",
        "properties": {
          "payload": {
            "type": "string"
          }
        }
      },
      "Delete": {
        "type": "object",
        "properties": {
          "payload": {
            "type": "object",
            "properties": {
              "mobile": {
                "type": "string"
              }
            }
          }
        }
      }
    }
  }
}